Seq,SS,ASA,Phi,Psi,Theta(i-1=>i+1),Tau(i-2=>i+1),P(C),P(E),P(H)
S,C,98.0,-90.0,82.3,109.4,128.9,0.944,0.021,0.033
Q,C,115.7,-102.3,138.0,118.8,133.2,0.841,0.134,0.019
K,C,143.8,-86.2,137.1,116.6,-128.5,0.54,0.432,0.022
V,C,66.9,-99.7,134.6,116.4,-144.5,0.909,0.078,0.01
E,C,105.8,-91.5,140.8,117.7,-146.3,0.511,0.444,0.029
K,C,102.9,-74.7,72.0,105.2,-122.1,0.827,0.06,0.101
T,C,54.8,-91.1,163.2,113.4,-170.8,0.9,0.062,0.04
V,C,51.0,-73.3,-27.8,94.9,73.4,0.846,0.082,0.06
I,C,70.9,-99.2,13.6,102.9,35.7,0.869,0.022,0.093
K,C,126.1,-20.0,99.0,110.7,-129.4,0.788,0.171,0.05
N,C,76.5,-101.0,131.2,118.0,166.0,0.792,0.184,0.018
E,E,100.5,-79.6,136.7,118.9,-123.8,0.341,0.639,0.001
T,C,43.1,-101.3,131.0,114.8,-145.1,0.568,0.385,0.019
G,C,37.0,-129.3,-166.7,128.6,-167.3,0.947,0.051,0.001
T,C,80.1,-78.6,143.7,114.7,-52.8,0.716,0.296,0.004
I,E,26.5,-111.5,133.4,121.0,-162.4,0.054,0.936,0.0
S,E,52.2,-114.2,132.7,121.9,-158.9,0.033,0.956,0.0
I,E,19.0,-111.4,125.3,117.2,-157.0,0.063,0.936,0.01
S,E,32.1,-123.0,148.4,127.6,-172.8,0.056,0.943,0.007
Q,E,85.1,-82.5,121.8,110.0,-111.1,0.001,0.999,0.0
L,E,33.1,-85.7,-26.0,100.7,-177.9,0.364,0.625,0.012
N,E,65.8,-167.8,172.2,136.3,-11.3,0.319,0.664,0.004
K,C,156.7,-34.2,31.6,100.9,-40.3,0.998,0.001,0.001
N,C,62.6,58.7,23.2,99.2,0.8,0.905,0.089,0.005
V,E,6.4,-108.2,134.6,123.5,112.6,0.189,0.806,0.009
W,E,54.6,-100.8,130.9,117.6,-150.0,0.056,0.935,0.002
V,E,11.6,-118.5,135.6,124.4,-165.0,0.01,0.99,0.001
H,E,28.9,-111.6,134.0,119.7,-158.1,0.101,0.896,0.007
T,E,22.8,-123.1,146.3,126.9,-174.3,0.073,0.926,0.0
E,C,59.0,-111.4,136.2,121.6,-147.1,0.706,0.294,0.002
L,C,28.4,-92.9,123.6,112.6,-141.8,0.637,0.327,0.03
G,C,25.5,143.6,173.6,121.3,-151.3,0.61,0.36,0.023
S,C,34.2,-102.6,131.1,117.5,-76.5,0.499,0.452,0.04
F,E,66.2,-99.6,124.4,113.7,-162.5,0.174,0.799,0.021
N,C,101.3,60.0,38.0,95.2,-35.1,0.739,0.217,0.027
G,C,15.6,114.1,92.8,115.3,-52.3,0.78,0.213,0.017
E,C,86.4,-90.4,-6.9,104.2,-164.5,0.869,0.121,0.021
A,E,36.4,-133.5,151.9,134.0,-28.7,0.061,0.941,0.01
V,E,19.5,-117.3,119.1,117.2,-154.2,0.063,0.925,0.002
P,E,32.3,-73.1,136.7,110.0,-131.7,0.096,0.907,0.016
S,E,13.2,-132.7,150.3,129.2,168.5,0.127,0.855,0.025
N,E,14.3,-143.1,138.1,126.3,-172.9,0.191,0.789,0.015
G,E,1.7,-139.2,154.8,138.8,168.4,0.016,0.982,0.0
L,E,8.4,-136.0,146.8,135.8,-152.9,0.002,0.997,0.0
V,E,3.3,-123.6,133.2,123.9,-150.4,0.002,0.998,0.002
L,E,3.0,-117.8,132.4,123.6,-166.9,0.0,1.0,0.0
N,E,27.6,-116.9,133.0,122.3,-174.4,0.014,0.988,0.0
T,E,23.0,-125.7,171.8,134.6,175.7,0.167,0.818,0.002
S,C,94.4,-59.2,-32.3,91.7,-90.2,0.995,0.003,0.003
K,C,149.2,-100.6,-15.0,98.6,37.5,0.998,0.001,0.002
G,E,20.2,160.0,-176.3,138.0,-85.2,0.054,0.948,0.0
L,E,8.3,-114.5,141.1,126.4,-77.1,0.001,0.999,0.0
V,E,1.6,-115.7,131.0,121.4,-160.2,0.001,1.0,0.0
L,E,0.8,-103.5,119.6,113.4,-150.4,0.004,0.995,0.001
V,E,1.7,-110.4,131.2,120.2,-161.8,0.005,0.994,0.0
D,C,6.9,74.9,72.6,107.3,22.2,0.625,0.349,0.002
S,C,2.9,-83.5,8.3,101.5,-174.5,0.958,0.038,0.007
S,C,14.6,-43.4,28.1,103.3,-149.7,0.987,0.01,0.004
W,C,46.9,-81.2,56.2,108.4,-170.6,0.975,0.006,0.017
D,C,73.3,-122.8,158.1,131.6,104.6,0.992,0.002,0.008
D,H,67.1,-57.5,-41.8,91.8,-112.1,0.126,0.004,0.876
K,H,148.3,-66.7,-29.3,94.2,52.7,0.146,0.022,0.824
L,H,28.3,-81.8,-25.4,95.0,48.5,0.196,0.016,0.806
T,H,3.0,-60.3,-46.1,96.1,73.0,0.058,0.002,0.948
K,H,106.6,-60.5,-41.3,91.3,54.5,0.008,0.002,0.991
E,H,84.9,-63.5,-40.8,90.9,50.2,0.006,0.005,0.992
L,H,2.5,-63.1,-45.0,92.1,49.2,0.002,0.002,0.996
I,H,8.9,-61.4,-43.5,91.5,51.4,0.011,0.003,0.987
E,H,100.1,-62.7,-38.7,90.9,51.3,0.003,0.0,0.997
M,H,34.6,-65.5,-38.8,92.3,54.3,0.013,0.001,0.988
V,H,2.3,-65.4,-42.6,93.5,47.9,0.014,0.003,0.984
E,H,73.4,-61.8,-37.7,91.2,56.1,0.057,0.003,0.942
K,H,154.6,-67.7,-35.3,92.7,50.3,0.23,0.002,0.754
K,H,91.2,-87.3,-32.0,99.3,40.6,0.294,0.001,0.701
F,C,39.6,-103.2,5.1,107.6,37.9,0.891,0.001,0.104
Q,C,127.0,54.2,25.8,92.2,-138.5,0.991,0.003,0.006
K,C,70.9,-109.0,159.1,129.3,113.3,0.996,0.002,0.003
R,C,146.7,-91.9,138.9,118.5,-113.1,0.979,0.016,0.003
V,C,8.1,-81.9,116.7,107.0,-129.4,0.643,0.265,0.001
T,C,21.3,-105.5,-19.4,96.0,174.3,0.512,0.475,0.002
D,E,5.0,-146.5,153.8,140.6,9.3,0.0,1.0,0.0
V,E,0.3,-125.4,129.3,123.6,-160.9,0.0,1.0,0.0
I,E,1.0,-108.7,110.3,112.1,-162.5,0.003,0.997,0.001
I,E,0.7,-104.6,129.3,117.5,-158.6,0.13,0.874,0.004
T,C,1.8,-108.2,-15.7,109.1,162.0,0.952,0.036,0.008
H,C,8.4,-90.6,122.8,114.0,109.6,0.942,0.033,0.024
A,C,14.8,-81.6,8.7,109.2,-162.8,0.981,0.011,0.007
H,C,27.3,-109.0,125.3,117.2,79.2,0.979,0.008,0.016
A,H,16.7,-59.1,-38.3,89.4,-148.1,0.136,0.028,0.859
D,H,10.8,-69.4,-28.5,91.8,53.8,0.24,0.004,0.739
R,H,17.9,-80.2,-31.6,97.3,50.7,0.288,0.051,0.66
I,H,8.1,-96.5,-12.5,106.4,61.6,0.185,0.065,0.725
G,C,11.9,-63.6,-18.3,95.9,42.0,0.633,0.036,0.326
G,C,2.3,-85.5,-7.3,94.2,64.1,0.766,0.024,0.228
I,H,2.7,-64.3,-35.0,94.1,112.8,0.011,0.003,0.987
K,H,104.9,-60.3,-41.7,91.3,59.3,0.007,0.0,0.993
T,H,22.8,-65.1,-40.6,91.6,49.2,0.005,0.002,0.994
L,H,1.4,-60.6,-44.8,90.7,50.5,0.003,0.003,0.996
K,H,76.3,-63.2,-36.8,90.3,52.1,0.021,0.0,0.982
E,H,143.9,-69.1,-24.4,93.0,56.1,0.105,0.005,0.892
R,C,104.2,-90.8,8.7,96.9,55.0,0.692,0.005,0.307
G,C,39.7,91.9,18.5,101.2,-93.7,0.965,0.034,0.007
I,C,12.0,-91.4,132.3,115.9,148.5,0.979,0.024,0.001
K,E,86.1,-78.7,132.1,113.7,-128.4,0.431,0.57,0.009
A,E,8.7,-115.9,134.6,122.3,-166.2,0.024,0.977,0.002
H,E,48.3,-114.0,137.4,122.1,-157.7,0.122,0.851,0.027
S,E,10.3,-151.9,158.1,140.1,159.2,0.371,0.57,0.061
T,E,30.2,-83.5,154.6,117.4,-107.3,0.344,0.64,0.008
A,H,29.1,-56.3,-40.2,91.2,-106.4,0.075,0.023,0.908
L,H,49.1,-62.8,-40.3,91.0,58.6,0.057,0.01,0.939
T,H,15.7,-69.4,-40.6,93.6,48.8,0.018,0.005,0.979
A,H,7.5,-62.4,-42.8,92.0,51.9,0.005,0.005,0.993
E,H,73.3,-64.1,-40.9,92.2,50.6,0.017,0.003,0.984
L,H,15.9,-64.0,-39.0,90.6,51.7,0.01,0.002,0.988
A,H,10.1,-62.8,-31.5,91.2,55.5,0.13,0.009,0.872
K,H,101.4,-80.7,-11.4,95.5,54.9,0.489,0.013,0.505
K,C,76.3,-86.4,150.8,112.2,92.3,0.792,0.034,0.155
N,C,92.5,-80.4,53.7,104.1,-63.6,0.823,0.036,0.128
G,C,27.0,86.1,5.0,104.6,-62.0,0.955,0.017,0.03
Y,C,72.0,-95.3,113.7,111.2,123.1,0.922,0.053,0.029
E,C,106.9,-93.6,127.2,113.2,-166.8,0.786,0.192,0.025
E,C,92.4,-90.2,132.1,117.5,-117.0,0.932,0.035,0.011
P,C,37.9,-67.1,142.5,115.4,-121.7,0.957,0.039,0.003
L,C,82.3,-87.8,6.1,102.3,-148.4,0.943,0.058,0.005
G,E,20.7,164.2,176.5,136.0,-33.0,0.029,0.968,0.001
D,E,85.9,-130.9,139.6,130.3,-139.3,0.023,0.978,0.001
L,E,20.0,-115.3,137.0,122.3,-160.7,0.394,0.57,0.004
Q,C,117.1,-99.0,135.5,118.7,-131.9,0.755,0.223,0.001
T,C,72.0,-96.4,140.8,116.5,-113.2,0.844,0.133,0.011
V,C,53.5,-77.0,117.7,110.1,-80.1,0.873,0.119,0.007
T,C,90.6,-94.2,-19.7,101.2,-178.6,0.991,0.006,0.002
N,E,77.2,-140.2,148.8,133.3,14.3,0.024,0.975,0.002
L,E,16.2,-132.4,143.2,130.3,-162.5,0.015,0.982,0.0
K,E,103.8,-120.4,128.0,122.2,-142.3,0.018,0.98,0.0
F,E,17.0,-120.7,99.8,108.9,-171.6,0.02,0.979,0.002
G,C,41.2,69.2,-132.1,109.6,-49.2,0.999,0.001,0.0
N,C,141.4,-84.6,10.7,95.5,-25.7,0.997,0.002,0.001
M,E,32.7,-104.4,143.5,127.7,94.0,0.026,0.976,0.0
K,E,104.5,-110.1,135.7,119.1,-145.4,0.005,0.995,0.001
V,E,6.4,-125.8,133.7,124.9,-169.3,0.009,0.989,0.001
E,E,71.3,-105.3,123.5,116.6,-152.6,0.02,0.982,0.001
T,E,2.2,-118.2,130.6,122.1,-165.8,0.008,0.99,0.002
F,E,41.2,-109.1,129.6,116.8,-159.2,0.037,0.961,0.0
Y,E,20.8,-118.7,113.0,115.9,-163.7,0.47,0.515,0.008
P,C,28.4,-84.3,129.4,111.2,-158.8,0.836,0.144,0.006
G,C,10.1,-176.6,-173.8,136.0,138.1,0.824,0.181,0.005
K,C,76.2,-74.8,128.5,111.5,-62.6,0.964,0.031,0.006
G,C,9.5,97.8,179.9,114.6,-9.7,0.955,0.038,0.011
H,C,26.8,-110.7,139.5,121.6,-159.7,0.816,0.139,0.02
T,C,9.2,-122.5,151.7,126.8,174.9,0.784,0.179,0.017
E,C,42.6,-67.8,-25.5,94.7,-115.8,0.96,0.013,0.031
D,C,11.4,-89.2,-9.4,95.6,56.8,0.54,0.353,0.098
N,C,8.9,-110.6,108.2,116.2,70.5,0.755,0.221,0.008
I,E,0.9,-133.1,144.6,131.8,171.9,0.008,0.991,0.001
V,E,1.2,-137.1,146.4,133.3,-166.5,0.006,0.993,0.001
V,E,1.2,-125.3,137.0,126.4,-160.6,0.0,1.0,0.0
W,E,32.6,-115.9,126.8,119.2,-159.3,0.001,0.998,0.001
L,E,7.1,-104.8,105.5,106.7,-153.6,0.028,0.973,0.002
P,C,46.4,-64.8,-31.8,97.7,-166.7,0.698,0.262,0.057
Q,C,130.8,-76.3,-32.5,96.3,45.8,0.785,0.036,0.174
Y,C,99.5,-105.8,-2.8,105.0,30.4,0.879,0.027,0.095
N,C,39.6,35.5,37.2,103.1,-147.9,0.972,0.019,0.004
I,E,4.9,-127.0,141.9,131.2,119.3,0.001,0.999,0.001
L,E,0.8,-110.7,131.2,120.2,-150.5,0.0,1.0,0.0
V,E,2.6,-105.4,122.9,116.7,-160.2,0.017,0.983,0.001
G,E,0.4,-127.7,158.0,131.6,-179.2,0.206,0.786,0.005
G,C,2.9,-146.5,178.9,122.5,-160.8,0.716,0.307,0.006
S,C,12.9,-98.5,90.4,109.6,-130.9,0.649,0.247,0.107
L,C,11.9,-85.6,12.0,98.8,172.0,0.665,0.244,0.087
V,C,28.0,-96.9,78.2,108.7,85.7,0.652,0.205,0.133
K,C,45.6,-108.6,145.0,122.5,168.2,0.599,0.347,0.05
S,C,51.7,-84.0,160.8,111.9,-145.8,0.716,0.165,0.129
T,C,61.7,-91.0,11.7,106.5,-56.4,0.796,0.091,0.114
S,C,53.2,-86.2,29.5,108.5,104.6,0.69,0.118,0.166
A,C,26.2,-88.6,112.0,110.5,105.5,0.611,0.056,0.341
K,C,102.4,-74.6,139.6,107.8,167.8,0.762,0.057,0.188
D,C,79.1,-72.0,21.3,97.0,40.7,0.6,0.262,0.125
L,C,37.9,-87.1,-12.3,94.7,93.5,0.794,0.049,0.132
G,C,28.2,84.1,-152.6,117.9,-104.0,0.745,0.125,0.13
N,C,78.3,-95.8,97.9,111.7,-5.9,0.739,0.192,0.075
V,C,31.1,-91.4,45.0,106.1,175.5,0.72,0.077,0.201
A,C,47.6,-67.3,-32.2,101.0,90.0,0.843,0.062,0.091
D,C,90.1,-93.2,19.8,102.2,36.3,0.785,0.026,0.192
A,C,17.4,-104.5,154.8,127.6,112.4,0.846,0.083,0.061
Y,C,88.0,-92.6,138.7,116.2,-117.3,0.762,0.189,0.03
V,H,17.0,-60.6,-38.4,91.6,-122.9,0.163,0.007,0.838
N,H,96.9,-63.9,-29.5,90.2,59.6,0.154,0.005,0.854
E,H,82.7,-68.9,-32.2,91.9,52.1,0.03,0.003,0.968
W,H,3.7,-59.1,-46.9,93.6,69.9,0.004,0.001,0.996
S,H,12.3,-60.5,-40.2,90.9,51.4,0.012,0.002,0.986
T,H,66.8,-65.2,-40.2,92.0,51.9,0.005,0.001,0.995
S,H,6.0,-62.2,-43.9,92.1,51.2,0.003,0.0,0.997
I,H,1.2,-62.7,-42.2,91.3,49.7,0.008,0.001,0.993
E,H,59.5,-59.5,-41.7,90.5,53.8,0.001,0.001,0.999
N,H,61.5,-64.1,-41.9,91.3,49.0,0.005,0.001,0.994
V,H,2.8,-65.4,-44.5,93.1,48.2,0.014,0.002,0.984
L,H,13.4,-62.9,-37.5,91.4,51.8,0.197,0.002,0.837
K,H,154.0,-67.8,-29.1,91.5,56.1,0.359,0.001,0.633
R,C,120.7,-83.4,-27.3,97.7,43.9,0.594,0.002,0.395
Y,C,54.4,-101.7,11.4,103.3,37.8,0.918,0.004,0.078
R,C,104.6,-67.3,-13.4,105.8,129.1,0.995,0.002,0.004
N,C,115.3,-85.1,14.7,98.5,39.9,0.987,0.002,0.011
I,C,19.3,-82.0,133.8,114.6,147.0,0.908,0.043,0.023
N,C,72.6,-96.7,-23.4,98.7,-179.0,0.587,0.414,0.016
A,E,4.9,-143.8,140.2,135.3,29.3,0.004,0.996,0.0
V,E,0.6,-117.5,126.3,119.4,-155.0,0.002,0.998,0.0
V,E,1.7,-113.7,114.5,115.2,-168.6,0.01,0.99,0.002
P,E,1.0,-76.9,144.3,117.2,-147.9,0.266,0.706,0.004
G,C,2.5,-91.6,32.3,109.4,-141.0,0.983,0.018,0.001
H,C,35.5,-106.7,76.4,111.9,161.6,0.962,0.042,0.004
G,C,21.4,109.6,-175.1,136.3,-146.1,0.944,0.05,0.011
E,C,80.2,-81.2,134.0,114.6,-47.2,0.881,0.045,0.074
V,C,53.1,-78.1,-18.1,97.5,179.7,0.844,0.019,0.136
G,C,40.8,-99.1,-14.5,106.3,74.6,0.799,0.025,0.178
D,C,79.9,-87.9,109.6,111.2,90.5,0.902,0.013,0.085
K,C,133.9,-66.6,-9.0,95.1,-155.0,0.888,0.011,0.09
G,C,41.3,-32.3,-31.0,103.7,57.4,0.523,0.015,0.429
L,H,44.2,-69.2,-33.1,96.3,61.7,0.337,0.026,0.626
L,C,28.1,-73.8,-32.2,99.4,55.8,0.643,0.052,0.317
L,H,65.9,-66.5,-38.2,95.7,71.7,0.318,0.109,0.586
H,H,64.0,-73.5,-30.3,98.9,56.5,0.241,0.035,0.714
T,H,18.3,-84.2,-32.3,100.8,41.0,0.331,0.039,0.635
L,H,40.5,-67.4,-33.0,96.0,67.3,0.081,0.02,0.902
D,H,73.0,-79.3,-27.2,99.4,61.4,0.404,0.114,0.479
L,C,26.0,-81.4,-34.6,102.9,49.4,0.554,0.145,0.334
L,C,7.0,-86.3,-6.3,106.7,54.9,0.471,0.131,0.414
K,C,100.5,-76.7,91.9,107.8,-171.3,0.564,0.198,0.253
